epoch,acc,loss,lr,val_acc,val_loss
0,0.5013408581492155,1.7815851805265843,0.001,0.5789,1.5076171503067017
