epoch,acc,loss,lr,val_acc,val_loss
0,0.109375,3.44158935546875,0.001,0.155,4.065813917541504
